Make,model
Audi,A1
Audi,A2
Audi,A3
Audi,A4
Audi,A5
Audi,A6
Audi,A7
Audi,A8
Audi,Q2
Audi,Q3
Audi,Q5
Audi,Q7
Audi,Q8
Audi,R8
Audi,RS3
Audi,RS4
Audi,RS5
Audi,RS6
Audi,RS7
Audi,S3
Audi,S4
Audi,S5
Audi,S8
Audi,SQ5
Audi,SQ7
Audi,TT
BMW,1 Series
BMW,2 Series
BMW,3 Series
BMW,4 Series
BMW,5 Series
BMW,6 Series
BMW,7 Series
BMW,8 Series
BMW,i3
BMW,i8
BMW,M2
BMW,M3
BMW,M4
BMW,M5
BMW,M6
BMW,X1
BMW,X2
BMW,X3
BMW,X4
BMW,X5
BMW,X6
BMW,X7
BMW,Z3
BMW,Z4
Ford,B-MAX
Ford,C-MAX
Ford,EcoSport
Ford,Edge
Ford,Escort
Ford,Fiesta
Ford,Focus
Ford,Fusion
Ford,Galaxy
Ford,Grand C-MAX
Ford,Grand Tourneo Connect
Ford,KA
Ford,Ka+
Ford,Kuga
Ford,Mondeo
Ford,Mustang
Ford,Puma
Ford,Ranger
Ford,S-MAX
Ford,Streetka
Ford,Tourneo Connect
Ford,Tourneo Custom
Ford,Transit Tourneo
Hyundi,Accent
Hyundi,Amica
Hyundi,Getz
Hyundi,I10
Hyundi,I20
Hyundi,I30
Hyundi,I40
Hyundi,I800
Hyundi,Ioniq
Hyundi,IX20
Hyundi,IX35
Hyundi,Kona
Hyundi,Santa Fe
Hyundi,Terracan
Hyundi,Tucson
Hyundi,Veloster
Mercedes Benz,180
Mercedes Benz,200
Mercedes Benz,220
Mercedes Benz,230
Mercedes Benz,A Class
Mercedes Benz,B Class
Mercedes Benz,C Class
Mercedes Benz,CL Class
Mercedes Benz,CLA Class
Mercedes Benz,CLC Class
Mercedes Benz,CLK
Mercedes Benz,CLS Class
Mercedes Benz,E Class
Mercedes Benz,G Class
Mercedes Benz,GL Class
Mercedes Benz,GLA Class
Mercedes Benz,GLB Class
Mercedes Benz,GLC Class
Mercedes Benz,GLE Class
Mercedes Benz,GLS Class
Mercedes Benz,M Class
Mercedes Benz,R Class
Mercedes Benz,S Class
Mercedes Benz,SL CLASS
Mercedes Benz,SLK
Mercedes Benz,V Class
Mercedes Benz,X-CLASS
Skoda,Citigo
Skoda,Fabia
Skoda,Kamiq
Skoda,Karoq
Skoda,Kodiaq
Skoda,Octavia
Skoda,Rapid
Skoda,Roomster
Skoda,Scala
Skoda,Superb
Skoda,Yeti
Skoda,Yeti Outdoor
Toyota,Auris
Toyota,Avensis
Toyota,Aygo
Toyota,Camry
Toyota,C-HR
Toyota,Corolla
Toyota,GT86
Toyota,Hilux
Toyota,IQ
Toyota,Land Cruiser
Toyota,Prius
Toyota,PROACE VERSO
Toyota,RAV4
Toyota,Supra
Toyota,Urban Cruiser
Toyota,Verso
Toyota,Verso-S
Toyota,Yaris
Volkswagen,Amarok
Volkswagen,Arteon
Volkswagen,Beetle
Volkswagen,Caddy
Volkswagen,Caddy Life
Volkswagen,Caddy Maxi
Volkswagen,Caddy Maxi Life
Volkswagen,California
Volkswagen,Caravelle
Volkswagen,CC
Volkswagen,Eos
Volkswagen,Fox
Volkswagen,Golf
Volkswagen,Golf SV
Volkswagen,Jetta
Volkswagen,Passat
Volkswagen, Polo
Volkswagen,Scirocco
Volkswagen,Sharan
Volkswagen,Shuttle
Volkswagen,T-Cross
Volkswagen,Tiguan
Volkswagen,Tiguan Allspace
Volkswagen,Touareg
Volkswagen,Touran
Volkswagen,T-Roc
Volkswagen,Up
